,cp,atk,hp,spd,def,chc,chd,dac,eff,efr,hero_id,name,level,attribute,role,sc,ee,ee_stat,hp_flat,atk_flat,def_flat
0,13640,782,5616,106,497,0.15,1.5,0.05,0.0,0.0,alencia,Alencia,50,wind,warrior,0,0,,0,1,0
1,17360,975,7054,106,652,0.15,1.5,0.05,0.0,0.0,alencia,Alencia,60,wind,warrior,0,0,,0,0,0
2,13591,716,5446,100,559,0.15,1.5,0.05,0.0,0.0,ambitious-tywin,Ambitious Tywin,50,light,knight,0,0,,0,1,0
3,17114,894,6840,104,694,0.15,1.5,0.05,0.0,0.0,ambitious-tywin,Ambitious Tywin,60,light,knight,0,0,,0,0,0
4,13640,782,5616,106,497,0.15,1.5,0.05,0.0,0.0,apocalypse-ravi,Apocalypse Ravi,50,dark,warrior,0,0,,0,1,0
5,17360,975,7054,106,652,0.15,1.5,0.05,0.0,0.0,apocalypse-ravi,Apocalypse Ravi,60,dark,warrior,0,0,,0,0,0
6,13525,960,3642,106,551,0.15,1.5,0.05,0.18,0.0,aramintha,Aramintha,50,fire,mage,0,0,,1,0,0
7,17342,1197,4572,106,683,0.15,1.5,0.05,0.3,0.0,aramintha,Aramintha,60,fire,mage,0,0,,0,0,0
8,13126,983,4092,116,421,0.22999999999999998,1.5,0.05,0.0,0.0,arbiter-vildred,Arbiter Vildred,50,dark,thief,0,0,,1,0,1
9,16674,1283,5138,116,522,0.22999999999999998,1.5,0.05,0.0,0.0,arbiter-vildred,Arbiter Vildred,60,dark,thief,0,0,,0,0,0
10,14048,1056,3806,108,576,0.15,1.5,0.05,0.06,0.0,archdemons-shadow,Archdemon's Shadow,50,dark,mage,0,0,,1,0,0
11,18032,1316,4777,108,715,0.15,1.5,0.05,0.18,0.0,archdemons-shadow,Archdemon's Shadow,60,dark,mage,0,0,,0,0,0
12,13525,960,3642,106,551,0.15,1.5,0.05,0.18,0.0,baal-sezan,Baal & Sezan,50,fire,mage,0,0,,1,0,0
13,17342,1197,4572,106,683,0.15,1.5,0.05,0.3,0.0,baal-sezan,Baal & Sezan,60,fire,mage,0,0,,0,0,0
14,13275,984,4735,113,381,0.22999999999999998,1.5,0.05,0.0,0.0,baiken,Baiken,50,wind,thief,0,0,,0,0,1
15,16901,1228,6266,113,473,0.22999999999999998,1.5,0.05,0.0,0.0,baiken,Baiken,60,wind,thief,0,0,,0,0,1
16,14048,1056,3806,108,576,0.15,1.5,0.05,0.06,0.0,basar,Basar,50,wind,mage,0,0,,1,0,0
17,18032,1316,4777,108,715,0.15,1.5,0.05,0.18,0.0,basar,Basar,60,wind,mage,0,0,,0,0,0
18,13285,804,4542,115,472,0.15,1.5,0.05,0.18,0.0,bellona,Bellona,50,wind,ranger,0,1,acc,0,0,1
19,17052,1003,5704,115,585,0.15,1.5,0.05,0.3,0.0,bellona,Bellona,60,wind,ranger,0,1,acc,0,0,0
20,12033,498,4359,98,609,0.15,1.5,0.05,0.0,0.0,blood-moon-haste,Blood Moon Haste,50,dark,soul-weaver,0,0,,0,1,0
21,15402,621,5474,98,798,0.15,1.5,0.05,0.0,0.0,blood-moon-haste,Blood Moon Haste,60,dark,soul-weaver,0,0,,0,1,0
22,13288,904,4221,114,460,0.15,1.5,0.05,0.18,0.0,briar-witch-iseria,Briar Witch Iseria,50,dark,ranger,0,0,,0,0,1
23,16848,1182,5299,114,571,0.15,1.5,0.05,0.18,0.0,briar-witch-iseria,Briar Witch Iseria,60,dark,ranger,0,0,,0,0,0
24,13403,658,5375,110,523,0.15,1.5,0.05,0.06,0.0,cecilia,Cecilia,50,fire,knight,0,1,acc,0,1,0
25,17219,821,6751,110,648,0.15,1.5,0.05,0.18,0.0,cecilia,Cecilia,60,fire,knight,0,1,acc,0,0,0
26,13275,984,4735,113,381,0.22999999999999998,1.5,0.05,0.0,0.0,celine,Celine,50,wind,thief,0,1,cri,0,0,1
27,16901,1228,6266,113,473,0.22999999999999998,1.5,0.05,0.0,0.0,celine,Celine,60,wind,thief,0,1,cri,0,0,1
28,12803,778,4221,122,486,0.19,1.5,0.05,0.0,0.0,cerise,Cerise,50,ice,ranger,0,0,,0,1,0
29,16445,970,5299,122,603,0.27,1.5,0.05,0.0,0.0,cerise,Cerise,60,ice,ranger,0,0,,0,0,0
30,13727,1040,4414,105,472,0.22999999999999998,1.5,0.05,0.0,0.0,cermia,Cermia,50,fire,warrior,0,1,att_rate,0,0,1
31,17416,1359,5542,105,585,0.22999999999999998,1.5,0.05,0.0,0.0,cermia,Cermia,60,fire,warrior,0,1,att_rate,0,0,0
32,13243,767,4896,109,511,0.19,1.5,0.05,0.0,0.0,charles,Charles,50,wind,knight,0,1,att_rate,0,1,0
33,16949,957,6148,109,634,0.27,1.5,0.05,0.0,0.0,charles,Charles,60,wind,knight,0,1,att_rate,0,0,0
34,13494,869,4639,99,534,0.22999999999999998,1.5,0.05,0.0,0.0,charlotte,Charlotte,50,fire,knight,0,0,,0,0,0
35,17057,1134,5825,99,662,0.22999999999999998,1.5,0.05,0.0,0.0,charlotte,Charlotte,60,fire,knight,0,0,,0,0,0
36,13380,945,4414,119,446,0.19,1.5,0.05,0.0,0.0,chloe,Chloe,50,ice,warrior,0,1,att_rate,0,0,1
37,17246,1177,5542,119,553,0.27,1.5,0.05,0.0,0.0,chloe,Chloe,60,ice,warrior,0,1,att_rate,0,0,0
38,13730,775,5551,102,530,0.15,1.5,0.05,0.0,0.0,choux,Choux,50,ice,warrior,0,0,,0,1,0
39,17484,966,7323,102,657,0.15,1.5,0.05,0.0,0.0,choux,Choux,60,ice,warrior,0,0,,0,0,0
40,13730,775,5551,102,530,0.15,1.5,0.05,0.0,0.0,dark-corvus,Dark Corvus,50,dark,warrior,0,0,,0,1,0
41,17484,966,7323,102,657,0.15,1.5,0.05,0.0,0.0,dark-corvus,Dark Corvus,60,dark,warrior,0,0,,0,0,0
42,11530,715,3481,108,525,0.15,1.5,0.05,0.0,0.0,desert-jewel-basar,Desert Jewel Basar,50,light,soul-weaver,0,0,,1,1,0
43,14557,931,4370,108,652,0.15,1.5,0.05,0.0,0.0,desert-jewel-basar,Desert Jewel Basar,60,light,soul-weaver,0,0,,0,0,0
44,12225,498,4578,89,625,0.15,1.5,0.05,0.0,0.0,destina,Destina,50,wind,soul-weaver,0,1,res,0,1,0
45,15529,621,6034,89,775,0.15,1.5,0.05,0.0,0.0,destina,Destina,60,wind,soul-weaver,0,1,res,0,1,0
46,11883,520,3972,103,559,0.15,1.5,0.05,0.0,0.18,diene,Diene,50,ice,soul-weaver,0,0,,1,1,0
47,15106,649,5254,103,694,0.15,1.5,0.05,0.0,0.18,diene,Diene,60,ice,soul-weaver,0,0,,0,1,0
48,13970,833,4221,115,542,0.15,1.5,0.05,0.06,0.18,dizzy,Dizzy,50,ice,mage,0,0,,0,0,0
49,17925,1039,5299,115,673,0.15,1.5,0.05,0.18,0.18,dizzy,Dizzy,60,ice,mage,0,0,,0,0,0
50,11883,520,3972,103,559,0.15,1.5,0.05,0.0,0.18,elena,Elena,50,ice,soul-weaver,0,0,,1,1,0
51,15106,649,5254,103,694,0.15,1.5,0.05,0.0,0.18,elena,Elena,60,ice,soul-weaver,0,0,,0,1,0
52,13285,804,4542,115,472,0.15,1.5,0.05,0.18,0.0,elphelt,Elphelt,50,fire,ranger,0,0,,0,0,1
53,17052,1003,5704,115,585,0.15,1.5,0.05,0.3,0.0,elphelt,Elphelt,60,fire,ranger,0,0,,0,0,0
54,13275,984,4735,113,381,0.22999999999999998,1.5,0.05,0.0,0.0,ervalen,Ervalen,50,wind,thief,0,0,,0,0,1
55,16901,1228,6266,113,473,0.22999999999999998,1.5,0.05,0.0,0.0,ervalen,Ervalen,60,wind,thief,0,0,,0,0,1
56,13970,833,4221,115,542,0.15,1.5,0.05,0.06,0.18,fairytale-tenebria,Fairytale Tenebria,50,ice,mage,0,0,,0,0,0
57,17925,1039,5299,115,673,0.15,1.5,0.05,0.18,0.18,fairytale-tenebria,Fairytale Tenebria,60,ice,mage,0,0,,0,0,0
58,13288,904,4221,114,460,0.15,1.5,0.05,0.18,0.0,faithless-lidica,Faithless Lidica,50,light,ranger,0,0,,0,0,1
59,16848,1182,5299,114,571,0.15,1.5,0.05,0.18,0.0,faithless-lidica,Faithless Lidica,60,light,ranger,0,0,,0,0,0
60,13591,716,5446,100,559,0.15,1.5,0.05,0.0,0.0,fallen-cecilia,Fallen Cecilia,50,dark,knight,0,0,,0,1,0
61,17114,894,6840,104,694,0.15,1.5,0.05,0.0,0.0,fallen-cecilia,Fallen Cecilia,60,dark,knight,0,0,,0,0,0
62,13285,804,4542,115,472,0.15,1.5,0.05,0.18,0.0,flan,Flan,50,ice,ranger,0,0,,0,0,1
63,17052,1003,5704,115,585,0.15,1.5,0.05,0.3,0.0,flan,Flan,60,ice,ranger,0,0,,0,0,0
64,12981,873,4285,120,412,0.19,1.5,0.05,0.12,0.0,haste,Haste,50,fire,thief,0,0,,0,0,1
65,16740,1089,5380,120,511,0.27,1.5,0.05,0.12,0.0,haste,Haste,60,fire,thief,0,0,,0,0,0
66,13440,897,4735,109,505,0.15,1.5,0.05,0.0,0.0,holiday-yufine,Holiday Yufine,50,fire,warrior,0,0,,0,0,0
67,17097,1119,6266,109,627,0.15,1.5,0.05,0.0,0.0,holiday-yufine,Holiday Yufine,60,fire,warrior,0,0,,0,0,0
68,13356,928,4536,112,446,0.22999999999999998,1.5,0.05,0.0,0.0,iseria,Iseria,50,wind,ranger,0,0,,0,0,1
69,16976,1158,6002,112,553,0.22999999999999998,1.5,0.05,0.0,0.0,iseria,Iseria,60,wind,ranger,0,0,,0,0,0
70,13569,833,4253,115,497,0.19,1.5,0.05,0.18,0.0,judge-kise,Judge Kise,50,light,warrior,0,0,,0,0,0
71,17434,1039,5340,115,617,0.27,1.5,0.05,0.18,0.0,judge-kise,Judge Kise,60,light,warrior,0,0,,0,0,0
72,13675,1047,3385,115,525,0.22999999999999998,1.5,0.05,0.0,0.0,kawerik,Kawerik,50,fire,mage,0,1,cri,1,0,0
73,17281,1306,4248,119,652,0.22999999999999998,1.5,0.05,0.0,0.0,kawerik,Kawerik,60,fire,mage,0,1,cri,0,0,0
74,12898,897,4253,125,390,0.22999999999999998,1.5,0.05,0.0,0.0,kayron,Kayron,50,fire,thief,0,1,cri,0,0,1
75,16285,1119,5340,129,483,0.22999999999999998,1.5,0.05,0.0,0.0,kayron,Kayron,60,fire,thief,0,1,cri,0,0,0
76,13730,775,5551,102,530,0.15,1.5,0.05,0.0,0.0,ken,Ken,50,fire,warrior,0,0,,0,1,0
77,17484,966,7323,102,657,0.15,1.5,0.05,0.0,0.0,ken,Ken,60,fire,warrior,0,0,,0,0,0
78,13126,983,4092,116,421,0.22999999999999998,1.5,0.05,0.0,0.0,kise,Kise,50,ice,thief,0,0,,1,0,1
79,16674,1283,5138,116,522,0.22999999999999998,1.5,0.05,0.0,0.0,kise,Kise,60,ice,thief,0,0,,0,0,0
80,13718,673,5101,100,607,0.15,1.5,0.05,0.0,0.06,krau,Krau,50,ice,knight,0,0,,0,1,0
81,17610,839,6405,100,752,0.15,1.5,0.05,0.0,0.18,krau,Krau,60,ice,knight,0,0,,0,0,0
82,13356,928,4536,112,446,0.22999999999999998,1.5,0.05,0.0,0.0,landy,Landy,50,wind,ranger,0,0,,0,0,1
83,16976,1158,6002,112,553,0.22999999999999998,1.5,0.05,0.0,0.0,landy,Landy,60,wind,ranger,0,0,,0,0,0
84,13718,673,5101,100,607,0.15,1.5,0.05,0.0,0.06,last-rider-krau,Last Rider Krau,50,light,knight,0,0,,0,1,0
85,17610,839,6405,100,752,0.15,1.5,0.05,0.0,0.18,last-rider-krau,Last Rider Krau,60,light,knight,0,0,,0,0,0
86,12952,983,3964,124,432,0.15,1.5,0.05,0.0,0.0,lidica,Lidica,50,fire,ranger,0,1,acc,1,0,1
87,16448,1283,4976,124,536,0.15,1.5,0.05,0.0,0.0,lidica,Lidica,60,fire,ranger,0,1,acc,0,0,0
88,13403,658,5375,110,523,0.15,1.5,0.05,0.06,0.0,lilias,Lilias,50,fire,knight,0,0,,0,1,0
89,17219,821,6751,110,648,0.15,1.5,0.05,0.18,0.0,lilias,Lilias,60,fire,knight,0,0,,0,0,0
90,13440,897,4735,109,505,0.15,1.5,0.05,0.0,0.0,lilibet,Lilibet,50,wind,warrior,0,1,cri,0,0,0
91,17097,1119,6266,109,627,0.15,1.5,0.05,0.0,0.0,lilibet,Lilibet,60,wind,warrior,0,1,cri,0,0,0
92,13440,897,4735,109,505,0.15,1.5,0.05,0.0,0.0,little-queen-charlotte,Little Queen Charlotte,50,light,warrior,0,0,,0,0,0
93,17097,1119,6266,109,627,0.15,1.5,0.05,0.0,0.0,little-queen-charlotte,Little Queen Charlotte,60,light,warrior,0,0,,0,0,0
94,13169,1079,3385,112,520,0.15,1.5,0.05,0.0,0.0,ludwig,Ludwig,50,wind,mage,0,0,,1,0,0
95,16722,1412,4248,112,645,0.15,1.5,0.05,0.0,0.0,ludwig,Ludwig,60,wind,mage,0,0,,0,0,0
96,14048,1056,3806,108,576,0.15,1.5,0.05,0.06,0.0,luluca,Luluca,50,ice,mage,0,1,acc,1,0,0
97,18032,1316,4777,108,715,0.15,1.5,0.05,0.18,0.0,luluca,Luluca,60,ice,mage,0,1,acc,0,0,0
98,13440,897,4735,109,505,0.15,1.5,0.05,0.0,0.0,luna,Luna,50,ice,warrior,0,1,att_rate,0,0,0
99,17097,1119,6266,109,627,0.15,1.5,0.05,0.0,0.0,luna,Luna,60,ice,warrior,0,1,att_rate,0,0,0
100,11679,513,4219,104,548,0.15,1.5,0.05,0.06,0.0,maid-chloe,Maid Chloe,50,light,soul-weaver,0,0,,0,1,0
101,15001,640,5297,104,680,0.15,1.5,0.05,0.18,0.0,maid-chloe,Maid Chloe,60,light,soul-weaver,0,0,,0,1,0
102,13727,1040,4414,105,472,0.22999999999999998,1.5,0.05,0.0,0.0,martial-artist-ken,Martial Artist Ken,50,dark,warrior,0,0,,0,0,1
103,17416,1359,5542,105,585,0.22999999999999998,1.5,0.05,0.0,0.0,martial-artist-ken,Martial Artist Ken,60,dark,warrior,0,0,,0,0,0
104,13169,1079,3385,112,520,0.15,1.5,0.05,0.0,0.0,melissa,Melissa,50,fire,mage,0,0,,1,0,0
105,16722,1412,4248,112,645,0.15,1.5,0.05,0.0,0.0,melissa,Melissa,60,fire,mage,0,0,,0,0,0
106,13243,767,4896,109,511,0.19,1.5,0.05,0.0,0.0,mort,Mort,50,wind,knight,0,0,,0,1,0
107,16949,957,6148,109,634,0.27,1.5,0.05,0.0,0.0,mort,Mort,60,wind,knight,0,0,,0,0,0
108,13569,833,4253,115,497,0.19,1.5,0.05,0.18,0.0,mui,Mui,50,wind,warrior,0,1,acc,0,0,0
109,17434,1039,5340,115,617,0.27,1.5,0.05,0.18,0.0,mui,Mui,60,wind,warrior,0,1,acc,0,0,0
110,13144,824,4382,115,455,0.27,1.6,0.05,0.0,0.0,operator-sigret,Operator Sigret,50,dark,ranger,0,0,,0,0,1
111,16680,1079,5502,115,564,0.27,1.6,0.05,0.0,0.0,operator-sigret,Operator Sigret,60,dark,ranger,0,0,,0,0,0
112,12952,983,3964,124,432,0.15,1.5,0.05,0.0,0.0,pavel,Pavel,50,wind,ranger,0,0,,1,0,1
113,16448,1283,4976,124,536,0.15,1.5,0.05,0.0,0.0,pavel,Pavel,60,wind,ranger,0,0,,0,0,0
114,13730,775,5551,102,530,0.15,1.5,0.05,0.0,0.0,ravi,Ravi,50,fire,warrior,0,1,att_rate,0,1,0
115,17484,966,7323,102,657,0.15,1.5,0.05,0.0,0.0,ravi,Ravi,60,fire,warrior,0,1,att_rate,0,0,0
116,11456,556,3546,110,528,0.15,1.5,0.05,0.0,0.18,ray,Ray,50,wind,soul-weaver,0,0,,1,1,0
117,14695,694,4450,110,655,0.15,1.5,0.05,0.0,0.3,ray,Ray,60,wind,soul-weaver,0,0,,0,1,0
118,13126,983,4092,116,421,0.22999999999999998,1.5,0.05,0.0,0.0,remnant-violet,Remnant Violet,50,dark,thief,0,0,,1,0,1
119,16674,1283,5138,116,522,0.22999999999999998,1.5,0.05,0.0,0.0,remnant-violet,Remnant Violet,60,dark,thief,0,0,,0,0,0
120,12033,498,4359,98,609,0.15,1.5,0.05,0.0,0.0,roana,Roana,50,wind,soul-weaver,0,0,,0,1,0
121,15402,621,5474,98,798,0.15,1.5,0.05,0.0,0.0,roana,Roana,60,wind,soul-weaver,0,0,,0,1,0
122,12033,498,4359,98,609,0.15,1.5,0.05,0.0,0.0,ruele-of-light,Ruele of Light,50,light,soul-weaver,0,0,,0,1,0
123,15402,621,5474,98,798,0.15,1.5,0.05,0.0,0.0,ruele-of-light,Ruele of Light,60,light,soul-weaver,0,0,,0,1,0
124,13970,833,4221,115,542,0.15,1.5,0.05,0.06,0.18,sage-baal-sezan,Sage Baal & Sezan,50,light,mage,0,0,,0,0,0
125,17925,1039,5299,115,673,0.15,1.5,0.05,0.18,0.18,sage-baal-sezan,Sage Baal & Sezan,60,light,mage,0,0,,0,0,0
126,13288,904,4221,114,460,0.15,1.5,0.05,0.18,0.0,seaside-bellona,Seaside Bellona,50,ice,ranger,0,0,,0,0,1
127,16848,1182,5299,114,571,0.15,1.5,0.05,0.18,0.0,seaside-bellona,Seaside Bellona,60,ice,ranger,0,0,,0,0,0
128,13275,984,4735,113,381,0.22999999999999998,1.5,0.05,0.0,0.0,sez,Sez,50,ice,thief,0,0,,0,0,1
129,16901,1228,6266,113,473,0.22999999999999998,1.5,0.05,0.0,0.0,sez,Sez,60,ice,thief,0,0,,0,0,1
130,13624,984,4607,109,446,0.22999999999999998,1.55,0.05,0.0,0.0,sigret,Sigret,50,ice,warrior,0,1,att_rate,0,0,1
131,17106,1228,5784,109,553,0.22999999999999998,1.65,0.05,0.0,0.0,sigret,Sigret,60,ice,warrior,0,1,att_rate,0,0,0
132,13525,960,3642,106,551,0.15,1.5,0.05,0.18,0.0,silver-blade-aramintha,Silver Blade Aramintha,50,light,mage,0,0,,1,0,0
133,17342,1197,4572,106,683,0.15,1.5,0.05,0.3,0.0,silver-blade-aramintha,Silver Blade Aramintha,60,light,mage,0,0,,0,0,0
134,13219,945,4253,119,446,0.19,1.5,0.05,0.0,0.0,sol,Sol,50,fire,warrior,0,0,,0,0,1
135,17044,1177,5340,119,553,0.27,1.5,0.05,0.0,0.0,sol,Sol,60,fire,warrior,0,0,,0,0,0
136,13275,984,4735,113,381,0.22999999999999998,1.5,0.05,0.0,0.0,specimen-sez,Specimen Sez,50,light,thief,0,0,,0,0,1
137,16901,1228,6266,113,473,0.22999999999999998,1.5,0.05,0.0,0.0,specimen-sez,Specimen Sez,60,light,thief,0,0,,0,0,1
138,13525,960,3642,106,551,0.15,1.5,0.05,0.18,0.0,specter-tenebria,Specter Tenebria,50,dark,mage,0,0,,1,0,0
139,17342,1197,4572,106,683,0.15,1.5,0.05,0.3,0.0,specter-tenebria,Specter Tenebria,60,dark,mage,0,0,,0,0,0
140,11530,715,3481,108,525,0.15,1.5,0.05,0.0,0.0,tamarinne,Tamarinne,50,fire,soul-weaver,0,0,,1,1,0
141,14557,931,4370,108,652,0.15,1.5,0.05,0.0,0.0,tamarinne,Tamarinne,60,fire,soul-weaver,0,0,,0,0,0
142,13929,1040,3899,110,525,0.22999999999999998,1.5,0.05,0.0,0.0,tenebria,Tenebria,50,fire,mage,0,0,,1,0,0
143,17685,1359,4895,110,652,0.22999999999999998,1.5,0.05,0.0,0.0,tenebria,Tenebria,60,fire,mage,0,0,,0,0,0
144,13302,984,3481,115,534,0.19,1.5,0.05,0.0,0.0,top-model-luluca,Top Model Luluca,50,dark,mage,0,0,,1,0,0
145,17151,1228,4370,115,662,0.27,1.5,0.05,0.0,0.0,top-model-luluca,Top Model Luluca,60,dark,mage,0,0,,0,0,0
146,13403,658,5375,110,523,0.15,1.5,0.05,0.06,0.0,tywin,Tywin,50,ice,knight,0,1,max_hp_rate,0,1,0
147,17219,821,6751,110,648,0.15,1.5,0.05,0.18,0.0,tywin,Tywin,60,ice,knight,0,1,max_hp_rate,0,0,0
148,13126,983,4092,116,421,0.22999999999999998,1.5,0.05,0.0,0.0,vildred,Vildred,50,wind,thief,0,0,,1,0,1
149,16674,1283,5138,116,522,0.22999999999999998,1.5,0.05,0.0,0.0,vildred,Vildred,60,wind,thief,0,0,,0,0,0
150,13275,984,4735,113,381,0.22999999999999998,1.5,0.05,0.0,0.0,violet,Violet,50,wind,thief,0,0,,0,0,1
151,16901,1228,6266,113,473,0.22999999999999998,1.5,0.05,0.0,0.0,violet,Violet,60,wind,thief,0,0,,0,0,1
152,13302,984,3481,115,534,0.19,1.5,0.05,0.0,0.0,vivian,Vivian,50,wind,mage,0,1,max_hp_rate,1,0,0
153,17151,1228,4370,115,662,0.27,1.5,0.05,0.0,0.0,vivian,Vivian,60,wind,mage,0,1,max_hp_rate,0,0,0
154,13624,984,4607,109,446,0.22999999999999998,1.55,0.05,0.0,0.0,yufine,Yufine,50,wind,warrior,0,1,acc,0,0,1
155,17106,1228,5784,109,553,0.22999999999999998,1.65,0.05,0.0,0.0,yufine,Yufine,60,wind,warrior,0,1,acc,0,0,0
156,13356,928,4536,112,446,0.22999999999999998,1.5,0.05,0.0,0.0,yuna,Yuna,50,ice,ranger,0,1,speed,0,0,1
157,16976,1158,6002,112,553,0.22999999999999998,1.5,0.05,0.0,0.0,yuna,Yuna,60,ice,ranger,0,1,speed,0,0,0
158,13970,833,4221,115,542,0.15,1.5,0.05,0.06,0.18,zeno,Zeno,50,ice,mage,0,0,,0,0,0
159,17925,1039,5299,115,673,0.15,1.5,0.05,0.18,0.18,zeno,Zeno,60,ice,mage,0,0,,0,0,0
160,11200,484,3741,101,534,0.15,1.5,0.05,0.0,0.18,achates,Achates,50,fire,soul-weaver,0,1,max_hp_rate,1,1,0
161,14219,603,4945,101,662,0.15,1.5,0.05,0.0,0.18,achates,Achates,60,fire,soul-weaver,0,1,max_hp_rate,0,1,0
162,11571,462,4326,88,598,0.15,1.5,0.05,0.0,0.0,angelica,Angelica,50,ice,soul-weaver,0,0,,0,1,0
163,14709,576,5700,88,743,0.15,1.5,0.05,0.0,0.0,angelica,Angelica,60,ice,soul-weaver,0,0,,0,1,0
164,13184,578,4928,91,633,0.15,1.5,0.05,0.0,0.06,armin,Armin,50,wind,knight,0,1,speed,0,1,0
165,16931,721,6189,91,785,0.15,1.5,0.05,0.0,0.18,armin,Armin,60,wind,knight,0,1,speed,0,1,0
166,12819,854,4850,100,479,0.15,1.5,0.05,0.0,0.0,assassin-cartuja,Assassin Cartuja,50,dark,warrior,0,0,,0,0,0
167,16221,1119,6091,100,594,0.15,1.5,0.05,0.0,0.0,assassin-cartuja,Assassin Cartuja,60,dark,warrior,0,0,,0,0,0
168,11993,746,3803,128,401,0.27,1.5,0.05,0.0,0.0,assassin-cidd,Assassin Cidd,50,dark,thief,0,0,,1,1,1
169,15432,930,4774,128,497,0.35,1.5,0.05,0.0,0.0,assassin-cidd,Assassin Cidd,60,dark,thief,0,0,,0,0,0
170,11777,787,4221,126,378,0.15,1.5,0.05,0.0,0.0,assassin-coli,Assassin Coli,50,dark,thief,0,1,att_rate,0,1,1
171,14934,1027,5299,126,469,0.15,1.5,0.05,0.0,0.0,assassin-coli,Assassin Coli,60,dark,thief,0,1,att_rate,0,0,1
172,12736,818,3867,112,491,0.27,1.5,0.05,0.0,0.0,auxiliary-lots,Auxiliary Lots,50,dark,mage,0,0,,1,0,0
173,16357,1021,4855,112,610,0.35,1.5,0.05,0.0,0.0,auxiliary-lots,Auxiliary Lots,60,dark,mage,0,0,,0,0,0
174,13090,767,3996,112,520,0.15,1.5,0.05,0.06,0.18,benevolent-romann,Benevolent Romann,50,light,mage,0,0,,1,1,0
175,16790,957,5016,112,645,0.15,1.5,0.05,0.18,0.18,benevolent-romann,Benevolent Romann,60,light,mage,0,0,,0,0,0
176,10894,659,3321,106,506,0.15,1.5,0.05,0.0,0.0,blaze-dingo,Blaze Dingo,50,light,soul-weaver,0,1,def_rate,1,1,0
177,13735,859,4167,106,627,0.15,1.5,0.05,0.0,0.0,blaze-dingo,Blaze Dingo,60,light,soul-weaver,0,1,def_rate,0,0,0
178,12463,913,4436,111,373,0.22999999999999998,1.5,0.05,0.0,0.0,blood-blade-karin,Blood Blade Karin,50,dark,thief,0,0,,0,0,1
179,15849,1138,5871,111,462,0.22999999999999998,1.5,0.05,0.0,0.0,blood-blade-karin,Blood Blade Karin,60,dark,thief,0,0,,0,0,1
180,12802,724,5283,103,479,0.15,1.5,0.05,0.0,0.0,cartuja,Cartuja,50,wind,warrior,0,0,,0,1,0
181,16316,903,6635,103,630,0.15,1.5,0.05,0.0,0.0,cartuja,Cartuja,60,wind,warrior,0,0,,0,0,0
182,12684,906,3578,101,506,0.27,1.6,0.05,0.0,0.0,celestial-mercedes,Celestial Mercedes,50,dark,mage,0,0,,1,0,0
183,16087,1187,4491,101,627,0.27,1.6,0.05,0.0,0.0,celestial-mercedes,Celestial Mercedes,60,dark,mage,0,0,,0,0,0
184,12684,906,3578,101,506,0.27,1.6,0.05,0.0,0.0,challenger-dominiel,Challenger Dominiel,50,dark,mage,0,0,,1,0,0
185,16087,1187,4491,101,627,0.27,1.6,0.05,0.0,0.0,challenger-dominiel,Challenger Dominiel,60,dark,mage,0,0,,0,0,0
186,13209,929,3771,104,506,0.19,1.5,0.05,0.18,0.0,champion-zerato,Champion Zerato,50,dark,mage,0,0,,1,0,0
187,16974,1159,4733,104,627,0.27,1.5,0.05,0.18,0.0,champion-zerato,Champion Zerato,60,dark,mage,0,0,,0,0,0
188,12112,825,4060,122,381,0.22999999999999998,1.5,0.05,0.0,0.0,cidd,Cidd,50,wind,thief,0,0,,1,0,1
189,15297,1029,5097,126,473,0.22999999999999998,1.5,0.05,0.0,0.0,cidd,Cidd,60,wind,thief,0,0,,0,0,1
190,12841,958,4157,103,455,0.22999999999999998,1.5,0.05,0.0,0.0,clarissa,Clarissa,50,ice,warrior,0,0,,0,0,1
191,16283,1252,5219,103,564,0.22999999999999998,1.5,0.05,0.0,0.0,clarissa,Clarissa,60,ice,warrior,0,0,,0,0,0
192,12463,913,4436,111,373,0.22999999999999998,1.5,0.05,0.0,0.0,coli,Coli,50,ice,thief,0,0,,0,0,1
193,15849,1138,5871,111,462,0.22999999999999998,1.5,0.05,0.0,0.0,coli,Coli,60,ice,thief,0,0,,0,0,1
194,12802,724,5283,103,479,0.15,1.5,0.05,0.0,0.0,corvus,Corvus,50,fire,warrior,0,0,,0,1,0
195,16316,903,6635,103,630,0.15,1.5,0.05,0.0,0.0,corvus,Corvus,60,fire,warrior,0,0,,0,0,0
196,11777,787,4221,126,378,0.15,1.5,0.05,0.0,0.0,crescent-moon-rin,Crescent Moon Rin,50,dark,thief,0,0,,0,1,1
197,14934,1027,5299,126,469,0.15,1.5,0.05,0.0,0.0,crescent-moon-rin,Crescent Moon Rin,60,dark,thief,0,0,,0,0,1
198,12975,658,4991,97,535,0.15,1.5,0.05,0.0,0.12,crimson-armin,Crimson Armin,50,light,knight,0,0,,0,1,0
199,16569,821,6266,97,703,0.15,1.5,0.05,0.0,0.12,crimson-armin,Crimson Armin,60,light,knight,0,0,,0,0,0
200,12936,593,5469,93,558,0.15,1.5,0.05,0.0,0.0,crozet,Crozet,50,ice,knight,0,0,,0,1,0
201,16523,739,6868,93,733,0.15,1.5,0.05,0.0,0.0,crozet,Crozet,60,ice,knight,0,0,,0,1,0
202,12701,767,4028,112,477,0.19,1.5,0.05,0.18,0.0,dingo,Dingo,50,fire,warrior,0,0,,1,1,0
203,16298,957,5057,112,592,0.27,1.5,0.05,0.18,0.0,dingo,Dingo,60,fire,warrior,0,0,,0,0,0
204,13090,767,3996,112,520,0.15,1.5,0.05,0.06,0.18,dominiel,Dominiel,50,ice,mage,0,0,,1,1,0
205,16790,957,5016,112,645,0.15,1.5,0.05,0.18,0.18,dominiel,Dominiel,60,ice,mage,0,0,,0,0,0
206,12975,658,4991,97,535,0.15,1.5,0.05,0.0,0.12,fighter-maya,Fighter Maya,50,light,knight,0,0,,0,1,0
207,16569,821,6266,97,703,0.15,1.5,0.05,0.0,0.12,fighter-maya,Fighter Maya,60,light,knight,0,0,,0,0,0
208,12701,767,4028,112,477,0.19,1.5,0.05,0.18,0.0,free-spirit-tieria,Free Spirit Tieria,50,light,warrior,0,0,,1,1,0
209,16298,957,5057,112,592,0.27,1.5,0.05,0.18,0.0,free-spirit-tieria,Free Spirit Tieria,60,light,warrior,0,0,,0,0,0
210,12530,857,4271,110,432,0.22999999999999998,1.5,0.05,0.0,0.0,furious,Furious,50,ice,ranger,0,0,,0,0,1
211,15920,1068,5650,110,536,0.22999999999999998,1.5,0.05,0.0,0.0,furious,Furious,60,ice,ranger,0,0,,0,0,0
212,12802,724,5283,103,479,0.15,1.5,0.05,0.0,0.0,general-purrgis,General Purrgis,50,light,warrior,0,1,max_hp_rate,0,1,0
213,16316,903,6635,103,630,0.15,1.5,0.05,0.0,0.0,general-purrgis,General Purrgis,60,light,warrior,0,1,max_hp_rate,0,0,0
214,12997,958,3674,107,506,0.22999999999999998,1.5,0.05,0.0,0.0,guider-aither,Guider Aither,50,light,mage,0,1,att_rate,1,0,0
215,16478,1252,4612,107,627,0.22999999999999998,1.5,0.05,0.0,0.0,guider-aither,Guider Aither,60,light,mage,0,1,att_rate,0,0,0
216,12292,910,3867,113,409,0.22999999999999998,1.5,0.05,0.0,0.0,karin,Karin,50,ice,thief,0,0,,1,0,1
217,15612,1188,4855,113,508,0.22999999999999998,1.5,0.05,0.0,0.0,karin,Karin,60,ice,thief,0,0,,0,0,0
218,12124,767,3706,123,415,0.19,1.5,0.05,0.18,0.0,khawana,Khawana,50,fire,thief,0,0,,1,1,1
219,15622,957,4653,123,515,0.27,1.5,0.05,0.18,0.0,khawana,Khawana,60,fire,thief,0,0,,0,0,0
220,12819,854,4850,100,479,0.15,1.5,0.05,0.0,0.0,khawazu,Khawazu,50,fire,warrior,0,0,,0,0,0
221,16221,1119,6091,100,594,0.15,1.5,0.05,0.0,0.0,khawazu,Khawazu,60,fire,warrior,0,0,,0,0,0
222,12701,767,4028,112,477,0.19,1.5,0.05,0.18,0.0,kitty-clarissa,Kitty Clarissa,50,dark,warrior,0,0,,1,1,0
223,16298,957,5057,112,592,0.27,1.5,0.05,0.18,0.0,kitty-clarissa,Kitty Clarissa,60,dark,warrior,0,0,,0,0,0
224,11571,462,4326,88,598,0.15,1.5,0.05,0.0,0.0,kizuna-ai,Kizuna AI,50,fire,soul-weaver,0,0,,0,1,0
225,14709,576,5700,88,743,0.15,1.5,0.05,0.0,0.0,kizuna-ai,Kizuna AI,60,fire,soul-weaver,0,0,,0,1,0
226,12475,746,4285,112,455,0.15,1.5,0.05,0.18,0.0,leo,Leo,50,wind,ranger,0,0,,0,1,1
227,16007,930,5380,112,564,0.15,1.5,0.05,0.3,0.0,leo,Leo,60,wind,ranger,0,0,,0,0,0
228,11200,484,3741,101,534,0.15,1.5,0.05,0.0,0.18,lots,Lots,50,wind,soul-weaver,0,0,,1,1,0
229,14219,603,4945,101,662,0.15,1.5,0.05,0.0,0.18,lots,Lots,60,wind,soul-weaver,0,0,,0,1,0
230,13492,658,5411,112,523,0.15,1.5,0.05,0.06,0.0,maya,Maya,50,fire,knight,0,0,,0,1,0
231,17334,821,6796,112,648,0.15,1.5,0.05,0.18,0.0,maya,Maya,60,fire,knight,0,0,,0,0,0
232,12684,906,3578,101,506,0.27,1.6,0.05,0.0,0.0,mercedes,Mercedes,50,fire,mage,0,0,,1,0,0
233,16087,1187,4491,101,627,0.27,1.6,0.05,0.0,0.0,mercedes,Mercedes,60,fire,mage,0,0,,0,0,0
234,12819,854,4850,100,479,0.15,1.5,0.05,0.0,0.0,purrgis,Purrgis,50,wind,warrior,0,0,,0,0,0
235,16221,1119,6091,100,594,0.15,1.5,0.05,0.0,0.0,purrgis,Purrgis,60,wind,warrior,0,0,,0,0,0
236,11015,476,3974,102,525,0.15,1.5,0.05,0.06,0.0,rin,Rin,50,wind,soul-weaver,0,1,acc,1,1,0
237,14153,594,4989,102,652,0.15,1.5,0.05,0.18,0.0,rin,Rin,60,wind,soul-weaver,0,1,acc,0,1,0
238,12468,833,3996,111,446,0.15,1.5,0.05,0.18,0.0,roaming-warrior-leo,Roaming Warrior Leo,50,dark,ranger,0,0,,1,0,1
239,15786,1088,5016,111,553,0.15,1.5,0.05,0.18,0.0,roaming-warrior-leo,Roaming Warrior Leo,60,dark,ranger,0,0,,0,0,0
240,12741,889,3449,105,528,0.15,1.5,0.05,0.18,0.0,romann,Romann,50,ice,mage,0,1,speed,1,0,0
241,16342,1109,4329,105,655,0.15,1.5,0.05,0.3,0.0,romann,Romann,60,ice,mage,0,1,speed,0,0,0
242,12975,658,4991,97,535,0.15,1.5,0.05,0.0,0.12,rose,Rose,50,ice,knight,0,1,speed,0,1,0
243,16569,821,6266,97,703,0.15,1.5,0.05,0.0,0.12,rose,Rose,60,ice,knight,0,1,speed,0,0,0
244,12530,857,4271,110,432,0.22999999999999998,1.5,0.05,0.0,0.0,schuri,Schuri,50,fire,ranger,0,0,,0,0,1
245,15920,1068,5650,110,536,0.22999999999999998,1.5,0.05,0.0,0.0,schuri,Schuri,60,fire,ranger,0,0,,0,0,0
246,13166,976,3601,106,551,0.15,1.5,0.05,0.06,0.0,serila,Serila,50,fire,mage,0,1,att_rate,1,0,0
247,16900,1218,4521,106,683,0.15,1.5,0.05,0.18,0.0,serila,Serila,60,fire,mage,0,1,att_rate,0,0,0
248,12456,713,4607,107,491,0.19,1.5,0.05,0.0,0.0,shadow-rose,Shadow Rose,50,dark,knight,0,1,acc,0,1,0
249,15933,889,5784,107,610,0.27,1.5,0.05,0.0,0.0,shadow-rose,Shadow Rose,60,dark,knight,0,1,acc,0,0,0
250,11571,462,4326,88,598,0.15,1.5,0.05,0.0,0.0,shooting-star-achates,Shooting Star Achates,50,dark,soul-weaver,0,0,,0,1,0
251,14709,576,5700,88,743,0.15,1.5,0.05,0.0,0.0,shooting-star-achates,Shooting Star Achates,60,dark,soul-weaver,0,0,,0,1,0
252,12121,910,3739,121,418,0.15,1.5,0.05,0.0,0.0,silk,Silk,50,wind,ranger,0,0,,1,0,1
253,15378,1188,4693,121,518,0.15,1.5,0.05,0.0,0.0,silk,Silk,60,wind,ranger,0,0,,0,0,0
254,10881,520,3385,108,508,0.15,1.5,0.05,0.0,0.18,sinful-angelica,Sinful Angelica,50,dark,soul-weaver,0,0,,1,1,0
255,13965,649,4248,108,631,0.15,1.5,0.05,0.0,0.3,sinful-angelica,Sinful Angelica,60,dark,soul-weaver,0,0,,0,1,0
256,12203,809,4060,117,401,0.19,1.5,0.05,0.12,0.0,surin,Surin,50,fire,thief,0,0,,1,0,1
257,15716,1010,5097,117,497,0.27,1.5,0.05,0.12,0.0,surin,Surin,60,fire,thief,0,0,,0,0,0
258,12203,809,4060,117,401,0.19,1.5,0.05,0.12,0.0,tempest-surin,Tempest Surin,50,light,thief,0,0,,1,0,1
259,15716,1010,5097,117,497,0.27,1.5,0.05,0.12,0.0,tempest-surin,Tempest Surin,60,light,thief,0,0,,0,0,0
260,12870,622,4794,98,578,0.15,1.5,0.05,0.0,0.06,troublemaker-crozet,Troublemaker Crozet,50,dark,knight,0,1,max_hp_rate,0,1,0
261,16543,776,6021,98,718,0.15,1.5,0.05,0.0,0.18,troublemaker-crozet,Troublemaker Crozet,60,dark,knight,0,1,max_hp_rate,0,1,0
262,12475,746,4285,112,455,0.15,1.5,0.05,0.18,0.0,wanderer-silk,Wanderer Silk,50,light,ranger,0,1,speed,0,1,1
263,16007,930,5380,112,564,0.15,1.5,0.05,0.3,0.0,wanderer-silk,Wanderer Silk,60,light,ranger,0,1,speed,0,0,0
264,12452,778,4726,106,449,0.19,1.5,0.05,0.0,0.0,watcher-schuri,Watcher Schuri,50,light,ranger,0,0,,0,1,1
265,15955,970,5935,106,557,0.27,1.5,0.05,0.0,0.0,watcher-schuri,Watcher Schuri,60,light,ranger,0,0,,0,0,0
266,13209,929,3771,104,506,0.19,1.5,0.05,0.18,0.0,zerato,Zerato,50,ice,mage,0,0,,1,0,0
267,16974,1159,4733,104,627,0.27,1.5,0.05,0.18,0.0,zerato,Zerato,60,ice,mage,0,0,,0,0,0
268,11614,833,3128,110,489,0.19,1.5,0.05,0.0,0.0,adlay,Adlay,50,wind,mage,0,0,,1,0,0
269,14932,1039,3925,110,606,0.27,1.5,0.05,0.0,0.0,adlay,Adlay,60,wind,mage,0,0,,1,0,0
270,12124,607,4640,95,511,0.15,1.5,0.05,0.0,0.12,adventurer-ras,Adventurer Ras,50,fire,knight,1,0,,0,1,0
271,15498,758,5826,95,672,0.15,1.5,0.05,0.0,0.12,adventurer-ras,Adventurer Ras,60,fire,knight,1,0,,0,1,0
272,10230,611,3128,104,483,0.15,1.5,0.05,0.0,0.0,ainos,Ainos,50,dark,soul-weaver,0,0,,1,1,0
273,12896,796,3925,104,599,0.15,1.5,0.05,0.0,0.0,ainos,Ainos,60,dark,soul-weaver,0,0,,1,0,0
274,11788,762,4171,104,469,0.15,1.5,0.05,0.0,0.0,ains,Ains,50,wind,warrior,0,0,,0,1,1
275,15002,951,5517,104,583,0.15,1.5,0.05,0.0,0.0,ains,Ains,60,wind,warrior,0,0,,0,0,0
276,10481,543,3385,92,541,0.15,1.5,0.05,0.0,0.0,aither,Aither,50,ice,soul-weaver,0,0,,1,1,0
277,13178,705,4248,92,672,0.15,1.5,0.05,0.0,0.0,aither,Aither,60,ice,soul-weaver,0,0,,0,1,0
278,11477,828,3642,111,398,0.22999999999999998,1.5,0.05,0.0,0.0,alexa,Alexa,50,ice,thief,0,0,,1,0,1
279,14563,1081,4572,111,494,0.22999999999999998,1.5,0.05,0.0,0.0,alexa,Alexa,60,ice,thief,0,0,,0,0,0
280,11667,769,3739,109,429,0.15,1.5,0.05,0.18,0.0,allrounder-wanda,All-Rounder Wanda,50,dark,ranger,1,0,,1,1,1
281,14767,1005,4693,109,532,0.15,1.5,0.05,0.18,0.0,allrounder-wanda,All-Rounder Wanda,60,dark,ranger,1,0,,0,0,0
282,10755,433,3904,94,556,0.15,1.5,0.05,0.0,0.0,angelic-montmorancy,Angelic Montmorancy,50,ice,soul-weaver,1,0,,1,1,0
283,13775,540,4900,94,729,0.15,1.5,0.05,0.0,0.0,angelic-montmorancy,Angelic Montmorancy,60,ice,soul-weaver,1,0,,0,1,0
284,12124,607,4640,95,511,0.15,1.5,0.05,0.0,0.12,arowell,Arowell,50,light,knight,0,0,,0,1,0
285,15498,758,5826,95,672,0.15,1.5,0.05,0.0,0.12,arowell,Arowell,60,light,knight,0,0,,0,1,0
286,12002,779,4570,98,461,0.15,1.5,0.05,0.0,0.0,azalea,Azalea,50,fire,warrior,0,0,,0,1,1
287,15162,1019,5738,98,571,0.15,1.5,0.05,0.0,0.0,azalea,Azalea,60,fire,warrior,0,0,,0,0,0
288,12037,675,4902,90,497,0.15,1.5,0.05,0.0,0.0,bask,Bask,50,ice,knight,0,0,,0,1,0
289,15336,842,6463,90,617,0.15,1.5,0.05,0.0,0.0,bask,Bask,60,ice,knight,0,0,,0,0,0
290,11888,833,4060,104,418,0.22999999999999998,1.55,0.05,0.0,0.0,batisse,Batisse,50,dark,warrior,0,0,,1,0,1
291,14913,1039,5097,104,518,0.22999999999999998,1.65,0.05,0.0,0.0,batisse,Batisse,60,dark,warrior,0,0,,0,0,0
292,11820,739,4092,95,489,0.22999999999999998,1.5,0.05,0.0,0.0,butcher-corps-inquisitor,Butcher Corps Inquisitor,50,fire,knight,1,0,,1,1,0
293,14918,963,5138,95,606,0.22999999999999998,1.5,0.05,0.0,0.0,butcher-corps-inquisitor,Butcher Corps Inquisitor,60,fire,knight,1,0,,0,0,0
294,11788,762,4171,104,469,0.15,1.5,0.05,0.0,0.0,captain-rikoris,Captain Rikoris,50,light,warrior,1,0,,0,1,1
295,15002,951,5517,104,583,0.15,1.5,0.05,0.0,0.0,captain-rikoris,Captain Rikoris,60,light,warrior,1,0,,0,0,0
296,12152,936,3090,101,537,0.15,1.5,0.05,0.06,0.0,carmainerose,Carmainerose,50,fire,mage,1,0,,1,0,0
297,15595,1168,3877,101,666,0.15,1.5,0.05,0.18,0.0,carmainerose,Carmainerose,60,fire,mage,1,0,,1,0,0
298,11614,833,3128,110,489,0.19,1.5,0.05,0.0,0.0,carrot,Carrot,50,fire,mage,1,0,,1,0,0
299,14932,1039,3925,110,606,0.27,1.5,0.05,0.0,0.0,carrot,Carrot,60,fire,mage,1,0,,1,0,0
300,11234,744,3771,124,398,0.15,1.5,0.05,0.0,0.0,celeste,Celeste,50,light,ranger,0,0,,1,1,1
301,14170,929,4733,128,494,0.15,1.5,0.05,0.0,0.0,celeste,Celeste,60,light,ranger,0,0,,0,0,0
302,11820,739,4092,95,489,0.22999999999999998,1.5,0.05,0.0,0.0,chaos-inquisitor,Chaos Inquisitor,50,fire,knight,1,0,,1,1,0
303,14918,963,5138,95,606,0.22999999999999998,1.5,0.05,0.0,0.0,chaos-inquisitor,Chaos Inquisitor,60,fire,knight,1,0,,0,0,0
304,11978,878,3899,101,438,0.22999999999999998,1.5,0.05,0.0,0.0,chaos-sect-axe,Chaos Sect Axe,50,dark,warrior,1,0,,1,0,1
305,15164,1144,4895,101,543,0.22999999999999998,1.5,0.05,0.0,0.0,chaos-sect-axe,Chaos Sect Axe,60,dark,warrior,1,0,,0,0,0
306,11978,878,3899,101,438,0.22999999999999998,1.5,0.05,0.0,0.0,church-of-ilryos-axe,Church of Ilryos Axe,50,dark,warrior,1,0,,1,0,1
307,15164,1144,4895,101,543,0.22999999999999998,1.5,0.05,0.0,0.0,church-of-ilryos-axe,Church of Ilryos Axe,60,dark,warrior,1,0,,0,0,0
308,11978,878,3899,101,438,0.22999999999999998,1.5,0.05,0.0,0.0,commander-lorina,Commander Lorina,50,dark,warrior,1,0,,1,0,1
309,15164,1144,4895,101,543,0.22999999999999998,1.5,0.05,0.0,0.0,commander-lorina,Commander Lorina,60,dark,warrior,1,0,,0,0,0
310,12694,738,3867,112,508,0.15,1.5,0.05,0.06,0.18,doll-maker-pearlhorizon,Doll Maker Pearlhorizon,50,wind,mage,1,0,,1,1,0
311,16292,921,4855,112,631,0.15,1.5,0.05,0.18,0.18,doll-maker-pearlhorizon,Doll Maker Pearlhorizon,60,wind,mage,1,0,,0,0,0
312,10874,433,4038,86,569,0.15,1.5,0.05,0.0,0.0,doris,Doris,50,light,soul-weaver,1,0,,1,1,0
313,13801,540,5319,86,705,0.15,1.5,0.05,0.0,0.0,doris,Doris,60,light,soul-weaver,1,0,,0,1,0
314,12139,549,5098,91,535,0.15,1.5,0.05,0.0,0.0,eaton,Eaton,50,light,knight,0,0,,0,1,0
315,15518,685,6403,91,703,0.15,1.5,0.05,0.0,0.0,eaton,Eaton,60,light,knight,0,0,,0,1,0
316,10755,433,3904,94,556,0.15,1.5,0.05,0.0,0.0,elson,Elson,50,light,soul-weaver,0,0,,1,1,0
317,13775,540,4900,94,729,0.15,1.5,0.05,0.0,0.0,elson,Elson,60,light,soul-weaver,0,0,,0,1,0
318,12002,779,4570,98,461,0.15,1.5,0.05,0.0,0.0,enott,Enott,50,ice,warrior,0,0,,0,1,1
319,15162,1019,5738,98,571,0.15,1.5,0.05,0.0,0.0,enott,Enott,60,ice,warrior,0,0,,0,0,0
320,11779,564,4709,105,480,0.15,1.5,0.05,0.06,0.0,falconer-kluri,Falconer Kluri,50,wind,knight,1,0,,0,1,0
321,15140,703,5914,105,596,0.15,1.5,0.05,0.18,0.0,falconer-kluri,Falconer Kluri,60,wind,knight,1,0,,0,1,0
322,11520,704,3867,110,424,0.27,1.6,0.05,0.0,0.0,glenn,Glenn,50,wind,ranger,0,0,,1,1,1
323,14585,920,4855,110,525,0.27,1.6,0.05,0.0,0.0,glenn,Glenn,60,wind,ranger,0,0,,0,0,0
324,12597,918,3578,107,494,0.22999999999999998,1.5,0.05,0.0,0.0,gloomyrain,Gloomyrain,50,light,mage,0,0,,1,0,0
325,15971,1199,4491,107,613,0.22999999999999998,1.5,0.05,0.0,0.0,gloomyrain,Gloomyrain,60,light,mage,0,0,,0,0,0
326,11667,769,3739,109,429,0.15,1.5,0.05,0.18,0.0,godmother,Godmother,50,fire,ranger,0,0,,1,1,1
327,14767,1005,4693,109,532,0.15,1.5,0.05,0.18,0.0,godmother,Godmother,60,fire,ranger,0,0,,0,0,0
328,11788,762,4171,104,469,0.15,1.5,0.05,0.0,0.0,gunther,Gunther,50,light,warrior,0,0,,0,1,1
329,15002,951,5517,104,583,0.15,1.5,0.05,0.0,0.0,gunther,Gunther,60,light,warrior,0,0,,0,0,0
330,11477,828,3642,111,398,0.22999999999999998,1.5,0.05,0.0,0.0,hataan,Hataan,50,fire,thief,0,0,,1,0,1
331,14563,1081,4572,111,494,0.22999999999999998,1.5,0.05,0.0,0.0,hataan,Hataan,60,fire,thief,0,0,,0,0,0
332,10599,611,3343,91,533,0.15,1.5,0.05,0.0,0.0,hazel,Hazel,50,fire,soul-weaver,1,0,,1,1,0
333,13431,762,4417,91,661,0.15,1.5,0.05,0.0,0.0,hazel,Hazel,60,fire,soul-weaver,1,0,,0,1,0
334,11710,802,3899,114,418,0.19,1.5,0.05,0.0,0.0,helga,Helga,50,wind,warrior,1,0,,1,0,1
335,15062,1000,4895,114,518,0.27,1.5,0.05,0.0,0.0,helga,Helga,60,wind,warrior,1,0,,0,0,0
336,11922,746,3642,111,472,0.27,1.5,0.05,0.0,0.0,hurado,Hurado,50,dark,mage,0,0,,1,1,1
337,15277,930,4572,111,585,0.35,1.5,0.05,0.0,0.0,hurado,Hurado,60,dark,mage,0,0,,0,0,0
338,11323,828,3546,118,407,0.15,1.5,0.05,0.0,0.0,ian,Ian,50,ice,ranger,0,0,,1,0,1
339,14349,1081,4450,118,504,0.15,1.5,0.05,0.0,0.0,ian,Ian,60,ice,ranger,0,0,,0,0,0
340,10230,611,3128,104,483,0.15,1.5,0.05,0.0,0.0,jecht,Jecht,50,wind,soul-weaver,0,0,,1,1,0
341,12896,796,3925,104,599,0.15,1.5,0.05,0.0,0.0,jecht,Jecht,60,wind,soul-weaver,0,0,,1,0,0
342,12313,852,3578,101,483,0.19,1.5,0.05,0.18,0.0,jena,Jena,50,ice,mage,0,0,,1,0,0
343,15808,1063,4491,101,599,0.27,1.5,0.05,0.18,0.0,jena,Jena,60,ice,mage,0,0,,0,0,0
344,11003,680,3417,117,398,0.19,1.5,0.05,0.18,0.0,judith,Judith,50,fire,thief,0,0,,1,1,1
345,14143,848,4289,117,494,0.27,1.5,0.05,0.18,0.0,judith,Judith,60,fire,thief,0,0,,0,0,0
346,12320,534,4542,90,603,0.15,1.5,0.05,0.0,0.06,kikirat-v2,Kikirat v2,50,light,knight,0,0,,0,1,0
347,15835,667,5704,90,749,0.15,1.5,0.05,0.0,0.18,kikirat-v2,Kikirat v2,60,light,knight,0,0,,0,1,0
348,11702,687,4028,110,438,0.15,1.5,0.05,0.18,0.0,kiris,Kiris,50,wind,ranger,0,0,,1,1,1
349,15018,857,5057,110,543,0.15,1.5,0.05,0.3,0.0,kiris,Kiris,60,wind,ranger,0,0,,0,0,0
350,11779,564,4709,105,480,0.15,1.5,0.05,0.06,0.0,kluri,Kluri,50,wind,knight,1,0,,0,1,0
351,15140,703,5914,105,596,0.15,1.5,0.05,0.18,0.0,kluri,Kluri,60,wind,knight,1,0,,0,1,0
352,11788,762,4171,104,469,0.15,1.5,0.05,0.0,0.0,lena,Lena,50,ice,warrior,0,0,,0,1,1
353,15002,951,5517,104,583,0.15,1.5,0.05,0.0,0.0,lena,Lena,60,ice,warrior,0,0,,0,0,0
354,11978,878,3899,101,438,0.22999999999999998,1.5,0.05,0.0,0.0,lorina,Lorina,50,dark,warrior,1,0,,1,0,1
355,15164,1144,4895,101,543,0.22999999999999998,1.5,0.05,0.0,0.0,lorina,Lorina,60,dark,warrior,1,0,,0,0,0
356,10874,433,4038,86,569,0.15,1.5,0.05,0.0,0.0,magic-scholar-doris,Magic Scholar Doris,50,light,soul-weaver,1,0,,1,1,0
357,13801,540,5319,86,705,0.15,1.5,0.05,0.0,0.0,magic-scholar-doris,Magic Scholar Doris,60,light,soul-weaver,1,0,,0,1,0
358,10599,611,3343,91,533,0.15,1.5,0.05,0.0,0.0,mascot-hazel,Mascot Hazel,50,fire,soul-weaver,1,0,,1,1,0
359,13431,762,4417,91,661,0.15,1.5,0.05,0.0,0.0,mascot-hazel,Mascot Hazel,60,fire,soul-weaver,1,0,,0,1,0
360,11710,802,3899,114,418,0.19,1.5,0.05,0.0,0.0,mercenary-helga,Mercenary Helga,50,wind,warrior,1,0,,1,0,1
361,15062,1000,4895,114,518,0.27,1.5,0.05,0.0,0.0,mercenary-helga,Mercenary Helga,60,wind,warrior,1,0,,0,0,0
362,11405,709,3513,120,404,0.19,1.5,0.05,0.18,0.0,mirsa,Mirsa,50,light,thief,0,0,,1,1,1
363,14674,885,4410,120,501,0.27,1.5,0.05,0.18,0.0,mirsa,Mirsa,60,light,thief,0,0,,0,0,0
364,11929,952,3128,109,489,0.15,1.5,0.05,0.0,0.0,mistychain,Mistychain,50,ice,mage,0,0,,1,0,0
365,15119,1244,3925,109,606,0.15,1.5,0.05,0.0,0.0,mistychain,Mistychain,60,ice,mage,0,0,,1,0,0
366,10755,433,3904,94,556,0.15,1.5,0.05,0.0,0.0,montmorancy,Montmorancy,50,ice,soul-weaver,1,0,,1,1,0
367,13775,540,4900,94,729,0.15,1.5,0.05,0.0,0.0,montmorancy,Montmorancy,60,ice,soul-weaver,1,0,,0,1,0
368,11710,802,3899,114,418,0.19,1.5,0.05,0.0,0.0,mucacha,Mucacha,50,wind,warrior,0,0,,1,0,1
369,15062,1000,4895,114,518,0.27,1.5,0.05,0.0,0.0,mucacha,Mucacha,60,wind,warrior,0,0,,0,0,0
370,11520,704,3867,110,424,0.27,1.6,0.05,0.0,0.0,nemunas,Nemunas,50,fire,ranger,0,0,,1,1,1
371,14585,920,4855,110,525,0.27,1.6,0.05,0.0,0.0,nemunas,Nemunas,60,fire,ranger,0,0,,0,0,0
372,12250,709,3739,110,497,0.15,1.5,0.05,0.06,0.18,otillie,Otillie,50,dark,mage,0,0,,1,1,0
373,15718,885,4693,110,617,0.15,1.5,0.05,0.18,0.18,otillie,Otillie,60,dark,mage,0,0,,0,0,0
374,12694,738,3867,112,508,0.15,1.5,0.05,0.06,0.18,pearlhorizon,Pearlhorizon,50,wind,mage,1,0,,1,1,0
375,16292,921,4855,112,631,0.15,1.5,0.05,0.18,0.18,pearlhorizon,Pearlhorizon,60,wind,mage,1,0,,0,0,0
376,12139,549,5098,91,535,0.15,1.5,0.05,0.0,0.0,pyllis,Pyllis,50,dark,knight,0,0,,0,1,0
377,15518,685,6403,91,703,0.15,1.5,0.05,0.0,0.0,pyllis,Pyllis,60,dark,knight,0,0,,0,1,0
378,12124,607,4640,95,511,0.15,1.5,0.05,0.0,0.12,ras,Ras,50,fire,knight,1,0,,0,1,0
379,15498,758,5826,95,672,0.15,1.5,0.05,0.0,0.12,ras,Ras,60,fire,knight,1,0,,0,1,0
380,10581,635,3224,106,494,0.15,1.5,0.05,0.0,0.0,requiemroar,Requiemroar,50,dark,soul-weaver,0,0,,1,1,0
381,13345,827,4046,106,613,0.15,1.5,0.05,0.0,0.0,requiemroar,Requiemroar,60,dark,soul-weaver,0,0,,1,0,0
382,11614,833,3128,110,489,0.19,1.5,0.05,0.0,0.0,researcher-carrot,Researcher Carrot,50,fire,mage,1,0,,1,0,0
383,14932,1039,3925,110,606,0.27,1.5,0.05,0.0,0.0,researcher-carrot,Researcher Carrot,60,fire,mage,1,0,,1,0,0
384,10214,650,3481,106,373,0.19,1.5,0.05,0.12,0.0,righteous-thief-roozid,Righteous Thief Roozid,50,wind,thief,1,0,,1,1,1
385,13100,812,4370,106,462,0.27,1.5,0.05,0.12,0.0,righteous-thief-roozid,Righteous Thief Roozid,60,wind,thief,1,0,,0,0,1
386,11788,762,4171,104,469,0.15,1.5,0.05,0.0,0.0,rikoris,Rikoris,50,light,warrior,1,0,,0,1,1
387,15002,951,5517,104,583,0.15,1.5,0.05,0.0,0.0,rikoris,Rikoris,60,light,warrior,1,0,,0,0,0
388,11248,659,3739,117,452,0.19,1.5,0.05,0.0,0.0,rima,Rima,50,ice,ranger,0,0,,1,1,1
389,14419,822,4693,117,561,0.27,1.5,0.05,0.0,0.0,rima,Rima,60,ice,ranger,0,0,,0,0,0
390,10214,650,3481,106,373,0.19,1.5,0.05,0.12,0.0,roozid,Roozid,50,wind,thief,1,0,,1,1,1
391,13100,812,4370,106,462,0.27,1.5,0.05,0.12,0.0,roozid,Roozid,60,wind,thief,1,0,,0,0,1
392,10755,433,3904,94,556,0.15,1.5,0.05,0.0,0.0,sonia,Sonia,50,light,soul-weaver,0,0,,1,1,0
393,13775,540,4900,94,729,0.15,1.5,0.05,0.0,0.0,sonia,Sonia,60,light,soul-weaver,0,0,,0,1,0
394,11607,833,4171,108,364,0.22999999999999998,1.5,0.05,0.0,0.0,sven,Sven,50,dark,thief,0,0,,0,0,1
395,14773,1039,5517,108,452,0.22999999999999998,1.5,0.05,0.0,0.0,sven,Sven,60,dark,thief,0,0,,0,0,1
396,11788,762,4171,104,469,0.15,1.5,0.05,0.0,0.0,taranor-guard,Taranor Guard,50,ice,warrior,0,0,,0,1,1
397,15002,951,5517,104,583,0.15,1.5,0.05,0.0,0.0,taranor-guard,Taranor Guard,60,ice,warrior,0,0,,0,0,0
398,12037,675,4902,90,497,0.15,1.5,0.05,0.0,0.0,taranor-royal-guard,Taranor Royal Guard,50,ice,knight,0,0,,0,1,0
399,15336,842,6463,90,617,0.15,1.5,0.05,0.0,0.0,taranor-royal-guard,Taranor Royal Guard,60,ice,knight,0,0,,0,0,0
400,11377,673,4171,100,477,0.15,1.5,0.05,0.0,0.0,tieria,Tieria,50,fire,warrior,0,0,,0,1,0
401,14466,839,5517,100,591,0.15,1.5,0.05,0.0,0.0,tieria,Tieria,60,fire,warrior,0,0,,0,0,0
402,11667,769,3739,109,429,0.15,1.5,0.05,0.18,0.0,wanda,Wanda,50,dark,ranger,1,0,,1,1,1
403,14767,1005,4693,109,532,0.15,1.5,0.05,0.18,0.0,wanda,Wanda,60,dark,ranger,1,0,,0,0,0
404,12152,936,3090,101,537,0.15,1.5,0.05,0.06,0.0,zealot-carmainerose,Zealot Carmainerose,50,fire,mage,1,0,,1,0,0
405,15595,1168,3877,101,666,0.15,1.5,0.05,0.18,0.0,zealot-carmainerose,Zealot Carmainerose,60,fire,mage,1,0,,1,0,0
